cluster 0,cluster 1,cluster 2,cluster 3,cluster 4
Id3,Btbd17,Sparcl1,Aldoc,Dbi
Apoe,Kcnk1,Agt,Cpe,Cd9
Clu,Igfbp2,Sparc,Fth1,Sparc
Gfap,Luzp2,Cd81,Mt3,Notch2
Mt1,Slco1c1,Serpine2,Mt1,Gm5424
Lcat,Htra1,Gja1,Ndrg2,Ass1
Cst3,Pmp22,Selenop,Cfl1,Ptma
Aqp4,Chrdl1,Cst3,Rn18s-rs5,Tuba1a
Pantr1,Slc38a3,Nnat,Gm13493,Gm9800
Tprkb,Atp1b1,Ednrb,Gstm1,Eef1a1
Rn18s-rs5,S1pr1,Pla2g7,Cox8a,Gm13456
Id4,Mfsd2a,Plpp3,Gm6180,Rplp0
Id2,Msmo1,Ntsr2,Selenow,Gfap
Fbxo2,Eogt,Malat1,Ppia,Gm4617
Hsd11b1,F3,Hsd11b1,Fam107a,Rplp1
