,region,plate,published_type,subcluster
105A11_S177,Cortex,105,AST2,0
105A12_S185,Cortex,105,AST2,1
105A1_S97,Cortex,105,AST2,1
105A2_S105,Cortex,105,AST2,1
105A3_S113,Cortex,105,AST3,1
105A4_S121,Cortex,105,AST3,0
105A5_S129,Cortex,105,AST2,1
105A6_S137,Cortex,105,AST3,1
105A9_S161,Cortex,105,AST3,2
105B11_S178,Cortex,105,AST3,1
105B12_S186,Cortex,105,AST2,1
105B1_S98,Cortex,105,AST2,1
105B2_S106,Cortex,105,AST2,1
105B3_S114,Cortex,105,AST2,1
105B9_S162,Cortex,105,AST2,0
105C11_S179,Cortex,105,AST2,1
105C12_S187,Cortex,105,AST3,1
105C1_S99,Cortex,105,AST2,1
105C2_S107,Cortex,105,AST3,1
105C4_S123,Cortex,105,AST2,1
105C5_S131,Cortex,105,AST3,2
105C7_S147,Cortex,105,AST3,1
105C8_S155,Cortex,105,AST1,1
105C9_S163,Cortex,105,AST3,1
105D10_S172,Cortex,105,AST2,1
105D12_S188,Cortex,105,AST2,1
105D1_S100,Cortex,105,AST2,1
105D2_S108,Cortex,105,AST2,1
105D3_S116,Cortex,105,AST2,1
105D4_S124,Cortex,105,AST2,1
105D6_S140,Cortex,105,AST1,0
105D7_S148,Cortex,105,AST2,1
105D8_S156,Cortex,105,AST2,1
105E12_S189,Cortex,105,AST1,2
105E1_S101,Cortex,105,AST2,1
105E3_S117,Cortex,105,AST3,2
105E5_S133,Cortex,105,AST3,0
105E7_S149,Cortex,105,AST2,1
105E8_S157,Cortex,105,AST3,1
105F10_S174,Cortex,105,AST2,1
105F1_S102,Cortex,105,AST3,1
105F4_S126,Cortex,105,AST2,1
105F7_S150,Cortex,105,AST3,1
105F8_S158,Cortex,105,AST3,1
105F9_S166,Cortex,105,AST2,2
105G10_S175,Cortex,105,AST2,2
105G11_S183,Cortex,105,AST2,2
105G2_S111,Cortex,105,AST3,1
105G3_S119,Cortex,105,AST2,2
105G4_S127,Cortex,105,AST1,0
105G6_S143,Cortex,105,AST1,2
105G8_S159,Cortex,105,AST3,1
105G9_S167,Cortex,105,AST3,1
105H10_S176,Cortex,105,AST2,1
105H11_S184,Cortex,105,AST1,2
105H2_S112,Cortex,105,AST3,1
105H7_S152,Cortex,105,AST2,1
105H9_S168,Cortex,105,AST2,1
115A10_S265,Cortex,115,AST2,1
115A11_S273,Cortex,115,AST2,1
115A12_S281,Cortex,115,AST3,1
115A1_S193,Cortex,115,AST2,1
115A3_S209,Cortex,115,AST2,1
115A4_S217,Cortex,115,(none),3
115A5_S225,Cortex,115,AST2,1
115A6_S233,Cortex,115,AST3,1
115A7_S241,Cortex,115,AST1,2
115A8_S249,Cortex,115,AST2,1
115B10_S266,Cortex,115,AST2,1
115B11_S274,Cortex,115,AST2,2
115B12_S282,Cortex,115,AST2,1
115B1_S194,Cortex,115,AST3,1
115B3_S210,Cortex,115,AST3,1
115B4_S218,Cortex,115,AST2,1
115B7_S242,Cortex,115,AST2,2
115B8_S250,Cortex,115,AST3,1
115B9_S258,Cortex,115,AST2,1
115C10_S267,Cortex,115,AST2,1
115C11_S275,Cortex,115,AST2,1
115C12_S283,Cortex,115,AST2,1
115C1_S195,Cortex,115,AST5,3
115C2_S203,Cortex,115,AST3,0
115C4_S219,Cortex,115,AST2,1
115C5_S227,Cortex,115,AST3,1
115C6_S235,Cortex,115,AST2,1
115C7_S243,Cortex,115,AST3,1
115C8_S251,Cortex,115,AST3,2
115C9_S259,Cortex,115,AST3,1
115D11_S276,Cortex,115,AST1,2
115D12_S284,Cortex,115,AST2,1
115D1_S196,Cortex,115,AST3,1
115D2_S204,Cortex,115,AST2,1
115D3_S212,Cortex,115,AST2,1
115D4_S220,Cortex,115,AST1,0
115D5_S228,Cortex,115,AST2,1
115D7_S244,Cortex,115,AST2,1
115E10_S269,Cortex,115,AST3,1
115E11_S277,Cortex,115,AST3,1
115E12_S285,Cortex,115,AST2,1
115E1_S197,Cortex,115,AST1,0
115E2_S205,Cortex,115,AST2,1
115E3_S213,Cortex,115,AST2,0
115E4_S221,Cortex,115,AST2,2
115E7_S245,Cortex,115,AST3,1
115E9_S261,Cortex,115,AST2,1
115F10_S270,Cortex,115,AST3,1
115F11_S278,Cortex,115,AST3,1
115F1_S198,Cortex,115,AST2,1
115F2_S206,Cortex,115,AST2,1
115F3_S214,Cortex,115,AST3,1
115F4_S222,Cortex,115,AST3,1
115F5_S230,Cortex,115,AST2,1
115F6_S238,Cortex,115,AST2,1
115F7_S246,Cortex,115,AST3,1
115F8_S254,Cortex,115,AST2,1
115F9_S262,Cortex,115,AST2,1
115G2_S207,Cortex,115,AST2,1
115G3_S215,Cortex,115,AST1,2
115G4_S223,Cortex,115,AST2,1
115G5_S231,Cortex,115,AST3,1
115G8_S255,Cortex,115,AST3,1
115G9_S263,Cortex,115,AST5,3
115H10_S272,Cortex,115,AST2,1
115H11_S280,Cortex,115,AST2,1
115H1_S200,Cortex,115,AST3,0
115H2_S208,Cortex,115,AST1,2
115H3_S216,Cortex,115,AST2,2
115H4_S224,Cortex,115,AST1,2
115H5_S232,Cortex,115,AST3,1
115H8_S256,Cortex,115,AST5,3
115H9_S264,Cortex,115,AST1,0
118A10_S169,Hippocampus,118,AST1,2
118A11_S177,Hippocampus,118,AST1,2
118A1_S97,Hippocampus,118,AST4,4
118A3_S113,Hippocampus,118,AST1,0
118A4_S121,Hippocampus,118,AST1,0
118A5_S129,Hippocampus,118,AST1,2
118A6_S137,Hippocampus,118,AST1,2
118A7_S145,Hippocampus,118,AST1,0
118A9_S161,Hippocampus,118,AST3,2
118B1_S98,Hippocampus,118,AST5,0
118B5_S130,Hippocampus,118,AST4,4
118B6_S138,Hippocampus,118,AST1,0
118B7_S146,Hippocampus,118,AST1,0
118C3_S115,Hippocampus,118,AST1,2
118C4_S123,Hippocampus,118,AST1,2
118C6_S139,Hippocampus,118,AST1,1
118C7_S147,Hippocampus,118,AST1,0
118C8_S155,Hippocampus,118,AST3,2
118C9_S163,Hippocampus,118,AST1,0
118D10_S172,Hippocampus,118,AST1,0
118D2_S108,Hippocampus,118,AST4,4
118D4_S124,Hippocampus,118,AST3,2
118D5_S132,Hippocampus,118,AST3,2
118D6_S140,Hippocampus,118,AST1,0
118D7_S148,Hippocampus,118,AST1,2
118D8_S156,Hippocampus,118,AST1,0
118D9_S164,Hippocampus,118,AST3,2
118E12_S189,Hippocampus,118,AST1,2
118E1_S101,Hippocampus,118,AST1,0
118E2_S109,Hippocampus,118,AST1,2
118E3_S117,Hippocampus,118,AST1,2
118E4_S125,Hippocampus,118,AST3,2
118E5_S133,Hippocampus,118,AST1,2
118E6_S141,Hippocampus,118,AST1,0
118F2_S110,Hippocampus,118,AST1,2
118F3_S118,Hippocampus,118,AST1,0
118F7_S150,Hippocampus,118,AST1,2
118F9_S166,Hippocampus,118,AST1,2
118G10_S175,Hippocampus,118,AST3,2
118G11_S183,Hippocampus,118,AST3,1
118G3_S119,Hippocampus,118,AST1,0
118G7_S151,Hippocampus,118,AST1,0
118G8_S159,Hippocampus,118,AST1,0
118G9_S167,Hippocampus,118,AST3,1
118H10_S176,Hippocampus,118,AST1,0
118H1_S104,Hippocampus,118,AST4,4
118H2_S112,Hippocampus,118,AST1,0
118H3_S120,Hippocampus,118,AST4,4
118H5_S136,Hippocampus,118,AST2,2
118H7_S152,Hippocampus,118,AST2,2
118H8_S160,Hippocampus,118,AST2,2
125A1_S193,Cortex,125,AST2,1
125A2_S201,Cortex,125,AST3,1
125A3_S209,Cortex,125,AST2,1
125A4_S217,Cortex,125,AST2,1
125A5_S225,Cortex,125,AST2,1
125A6_S233,Cortex,125,AST3,1
125A8_S249,Cortex,125,AST2,1
125A9_S257,Cortex,125,AST2,1
125B10_S266,Cortex,125,AST2,1
125B11_S274,Cortex,125,AST2,1
125B3_S210,Cortex,125,AST2,1
125B4_S218,Cortex,125,AST1,0
125B5_S226,Cortex,125,AST1,2
125B6_S234,Cortex,125,AST3,2
125B7_S242,Cortex,125,AST2,1
125B8_S250,Cortex,125,AST3,1
125B9_S258,Cortex,125,AST1,0
125C10_S267,Cortex,125,AST1,0
125C12_S283,Cortex,125,AST2,2
125C1_S195,Cortex,125,AST1,0
125C2_S203,Cortex,125,AST2,2
125C4_S219,Cortex,125,AST2,0
125C5_S227,Cortex,125,AST2,1
125C7_S243,Cortex,125,AST3,1
125C8_S251,Cortex,125,AST2,1
125D10_S268,Cortex,125,AST2,2
125D12_S284,Cortex,125,AST3,1
125D1_S196,Cortex,125,AST3,1
125D2_S204,Cortex,125,AST2,1
125D3_S212,Cortex,125,AST2,0
125D5_S228,Cortex,125,AST2,1
125D7_S244,Cortex,125,AST2,1
125D9_S260,Cortex,125,AST2,2
125E11_S277,Cortex,125,AST2,1
125E12_S285,Cortex,125,AST1,0
125E1_S197,Cortex,125,AST3,1
125E2_S205,Cortex,125,AST3,1
125E3_S213,Cortex,125,AST3,1
125E5_S229,Cortex,125,AST3,1
125E6_S237,Cortex,125,AST2,1
125E7_S245,Cortex,125,AST2,1
125E8_S253,Cortex,125,AST3,2
125E9_S261,Cortex,125,AST2,1
125F10_S270,Cortex,125,AST2,1
125F11_S278,Cortex,125,AST2,1
125F1_S198,Cortex,125,AST1,2
125F2_S206,Cortex,125,AST3,1
125F4_S222,Cortex,125,AST2,1
125F5_S230,Cortex,125,AST3,1
125F6_S238,Cortex,125,AST1,2
125F7_S246,Cortex,125,AST2,1
125F8_S254,Cortex,125,AST2,1
125F9_S262,Cortex,125,AST2,1
125G11_S279,Cortex,125,(none),3
125G2_S207,Cortex,125,AST3,2
125G4_S223,Cortex,125,AST2,1
125G5_S231,Cortex,125,AST1,0
125G7_S247,Cortex,125,AST3,0
125G8_S255,Cortex,125,AST1,2
125G9_S263,Cortex,125,AST2,2
125H10_S272,Cortex,125,AST2,1
125H1_S200,Cortex,125,AST3,1
125H2_S208,Cortex,125,AST2,1
125H3_S216,Cortex,125,AST2,2
125H4_S224,Cortex,125,AST3,1
125H5_S232,Cortex,125,AST5,3
125H6_S240,Cortex,125,AST2,1
125H7_S248,Cortex,125,AST3,1
125H8_S256,Cortex,125,AST2,2
128A11_S177,Hippocampus,128,AST1,2
128A5_S129,Hippocampus,128,AST1,2
128A7_S145,Hippocampus,128,AST1,0
128B10_S170,Hippocampus,128,AST4,4
128B12_S186,Hippocampus,128,AST1,2
128B1_S98,Hippocampus,128,AST3,2
128B2_S106,Hippocampus,128,AST1,0
128B3_S114,Hippocampus,128,AST3,2
128B5_S130,Hippocampus,128,AST2,0
128B6_S138,Hippocampus,128,AST1,0
128B9_S162,Hippocampus,128,AST1,2
128C11_S179,Hippocampus,128,AST3,2
128C1_S99,Hippocampus,128,AST3,2
128C3_S115,Hippocampus,128,AST4,4
128C4_S123,Hippocampus,128,AST4,4
128C5_S131,Hippocampus,128,AST1,0
128C7_S147,Hippocampus,128,AST1,2
128C8_S155,Hippocampus,128,AST4,4
128C9_S163,Hippocampus,128,AST1,0
128D10_S172,Hippocampus,128,AST1,0
128D11_S180,Hippocampus,128,AST3,2
128D12_S188,Hippocampus,128,AST1,0
128D1_S100,Hippocampus,128,AST1,2
128D3_S116,Hippocampus,128,AST1,0
128D6_S140,Hippocampus,128,AST1,0
128D7_S148,Hippocampus,128,AST1,2
128D8_S156,Hippocampus,128,AST1,2
128D9_S164,Hippocampus,128,AST1,0
128E10_S173,Hippocampus,128,AST3,2
128E12_S189,Hippocampus,128,AST1,0
128E1_S101,Hippocampus,128,AST1,2
128E2_S109,Hippocampus,128,AST4,4
128E4_S125,Hippocampus,128,AST1,2
128E5_S133,Hippocampus,128,AST1,2
128E6_S141,Hippocampus,128,AST4,4
128E8_S157,Hippocampus,128,AST1,2
128E9_S165,Hippocampus,128,AST1,2
128F10_S174,Hippocampus,128,AST4,4
128F1_S102,Hippocampus,128,AST1,0
128F2_S110,Hippocampus,128,AST1,2
128F4_S126,Hippocampus,128,AST3,2
128F6_S142,Hippocampus,128,AST3,2
128F7_S150,Hippocampus,128,AST1,2
128F8_S158,Hippocampus,128,AST1,0
128F9_S166,Hippocampus,128,AST1,0
128G1_S103,Hippocampus,128,AST1,2
128G3_S119,Hippocampus,128,AST1,1
128G6_S143,Hippocampus,128,AST1,0
128G9_S167,Hippocampus,128,AST1,2
128H4_S128,Hippocampus,128,AST4,4
128H5_S136,Hippocampus,128,AST3,2
135A1_S193,Cortex,135,AST3,1
135B1_S194,Cortex,135,AST2,2
135B2_S202,Cortex,135,AST2,1
135B3_S210,Cortex,135,AST2,1
135B6_S234,Cortex,135,AST2,1
135B7_S242,Cortex,135,AST3,0
135B8_S250,Cortex,135,AST2,1
135B9_S258,Cortex,135,AST2,1
135C10_S267,Cortex,135,AST2,1
135C11_S275,Cortex,135,AST2,1
135C2_S203,Cortex,135,AST3,1
135C5_S227,Cortex,135,AST2,1
135C6_S235,Cortex,135,AST2,1
135C7_S243,Cortex,135,AST3,1
135C9_S259,Cortex,135,AST3,1
135D11_S276,Cortex,135,AST2,1
135D2_S204,Cortex,135,AST2,1
135D3_S212,Cortex,135,AST3,1
135D4_S220,Cortex,135,AST2,1
135D5_S228,Cortex,135,AST3,1
135D6_S236,Cortex,135,AST2,1
135D8_S252,Cortex,135,AST2,2
135E11_S277,Cortex,135,AST3,0
135E1_S197,Cortex,135,AST3,1
135E2_S205,Cortex,135,AST1,0
135E3_S213,Cortex,135,AST2,1
135E4_S221,Cortex,135,AST2,1
135E6_S237,Cortex,135,AST2,1
135E7_S245,Cortex,135,AST2,1
135E9_S261,Cortex,135,AST3,1
135F11_S278,Cortex,135,AST2,1
135F2_S206,Cortex,135,AST2,1
135F3_S214,Cortex,135,AST2,1
135F4_S222,Cortex,135,AST2,2
135F5_S230,Cortex,135,AST3,1
135F9_S262,Cortex,135,AST2,1
135G10_S271,Cortex,135,AST2,1
135G11_S279,Cortex,135,AST2,1
135G2_S207,Cortex,135,AST2,1
135G3_S215,Cortex,135,AST2,1
135G4_S223,Cortex,135,AST3,1
135G8_S255,Cortex,135,AST3,2
135H10_S272,Cortex,135,AST1,0
135H1_S200,Cortex,135,AST3,2
135H2_S208,Cortex,135,AST2,1
135H4_S224,Cortex,135,AST1,2
135H5_S232,Cortex,135,AST3,2
135H6_S240,Cortex,135,AST5,3
135H7_S248,Cortex,135,AST1,2
135H8_S256,Cortex,135,AST3,1
135H9_S264,Cortex,135,AST2,1
138A11_S177,Hippocampus,138,AST1,2
138A12_S185,Hippocampus,138,AST2,1
138A3_S113,Hippocampus,138,AST1,2
138A4_S121,Hippocampus,138,AST3,0
138A5_S129,Hippocampus,138,AST1,2
138A7_S145,Hippocampus,138,AST1,0
138A9_S161,Hippocampus,138,AST3,1
138B10_S170,Hippocampus,138,AST1,2
138B11_S178,Hippocampus,138,AST1,2
138B2_S106,Hippocampus,138,AST4,4
138B4_S122,Hippocampus,138,AST1,0
138B6_S138,Hippocampus,138,AST1,2
138B7_S146,Hippocampus,138,AST1,2
138B8_S154,Hippocampus,138,AST1,0
138B9_S162,Hippocampus,138,AST2,2
138C10_S171,Hippocampus,138,AST3,2
138C11_S179,Hippocampus,138,AST1,2
138C12_S187,Hippocampus,138,AST1,0
138C1_S99,Hippocampus,138,AST1,1
138C3_S115,Hippocampus,138,AST1,2
138C5_S131,Hippocampus,138,AST1,2
138C6_S139,Hippocampus,138,AST1,0
138C7_S147,Hippocampus,138,AST3,2
138C8_S155,Hippocampus,138,AST1,0
138D2_S108,Hippocampus,138,AST1,2
138D3_S116,Hippocampus,138,AST1,2
138D4_S124,Hippocampus,138,AST1,2
138D5_S132,Hippocampus,138,AST1,0
138D9_S164,Hippocampus,138,AST3,2
138E11_S181,Hippocampus,138,AST3,2
138E2_S109,Hippocampus,138,AST1,2
138E4_S125,Hippocampus,138,AST1,2
138E5_S133,Hippocampus,138,AST1,2
138E7_S149,Hippocampus,138,AST4,4
138E8_S157,Hippocampus,138,AST1,2
138E9_S165,Hippocampus,138,AST1,2
138F11_S182,Hippocampus,138,AST1,2
138F1_S102,Hippocampus,138,AST1,0
138F2_S110,Hippocampus,138,AST1,2
138F6_S142,Hippocampus,138,AST3,2
138F8_S158,Hippocampus,138,AST1,2
138F9_S166,Hippocampus,138,AST1,2
138G11_S183,Hippocampus,138,AST3,2
138G3_S119,Hippocampus,138,AST3,2
138G5_S135,Hippocampus,138,AST1,0
138G6_S143,Hippocampus,138,AST1,2
138G8_S159,Hippocampus,138,AST1,2
138H10_S176,Hippocampus,138,AST1,2
138H5_S136,Hippocampus,138,AST1,2
138H7_S152,Hippocampus,138,AST1,0
145A11_S177,Cortex,145,AST2,1
145A6_S137,Cortex,145,AST2,1
145A7_S145,Cortex,145,AST2,0
145A8_S153,Cortex,145,AST5,3
145B11_S178,Cortex,145,AST2,1
145B12_S186,Cortex,145,AST2,1
145B5_S130,Cortex,145,AST3,2
145B6_S138,Cortex,145,AST2,1
145B7_S146,Cortex,145,AST2,1
145C10_S171,Cortex,145,AST3,2
145C11_S179,Cortex,145,AST3,2
145C1_S99,Cortex,145,AST3,2
145C3_S115,Cortex,145,AST2,1
145C6_S139,Cortex,145,AST3,1
145C9_S163,Cortex,145,AST3,1
145D10_S172,Cortex,145,AST2,1
145D1_S100,Cortex,145,AST3,1
145D4_S124,Cortex,145,AST2,1
145D5_S132,Cortex,145,AST2,1
145D6_S140,Cortex,145,AST1,1
145E1_S101,Cortex,145,AST2,1
145E2_S109,Cortex,145,AST2,1
145E3_S117,Cortex,145,AST2,1
145E4_S125,Cortex,145,AST2,2
145E5_S133,Cortex,145,AST3,2
145E6_S141,Cortex,145,AST2,1
145F10_S174,Cortex,145,AST2,1
145F1_S102,Cortex,145,AST2,1
145F2_S110,Cortex,145,AST3,2
145F3_S118,Cortex,145,AST2,1
145F5_S134,Cortex,145,AST3,2
145F6_S142,Cortex,145,AST2,2
145F7_S150,Cortex,145,AST1,1
145F8_S158,Cortex,145,AST1,0
145F9_S166,Cortex,145,AST3,1
145G10_S175,Cortex,145,AST2,2
145G2_S111,Cortex,145,AST2,1
145G3_S119,Cortex,145,AST2,1
145G5_S135,Cortex,145,AST3,0
145G6_S143,Cortex,145,AST3,0
145G7_S151,Cortex,145,AST3,2
145G8_S159,Cortex,145,AST2,1
145H1_S104,Cortex,145,AST3,0
145H4_S128,Cortex,145,AST1,0
145H6_S144,Cortex,145,AST1,2
145H8_S160,Cortex,145,AST3,0
145H9_S168,Cortex,145,AST2,1
148A10_S361,Hippocampus,148,AST3,2
148A11_S369,Hippocampus,148,AST1,2
148A12_S377,Hippocampus,148,AST1,2
148A1_S289,Hippocampus,148,AST3,2
148A2_S297,Hippocampus,148,AST3,1
148A7_S337,Hippocampus,148,AST1,2
148A9_S353,Hippocampus,148,AST1,0
148B10_S362,Hippocampus,148,AST1,0
148B11_S370,Hippocampus,148,AST3,2
148B12_S378,Hippocampus,148,AST1,4
148B3_S306,Hippocampus,148,AST1,2
148B4_S314,Hippocampus,148,AST1,0
148B7_S338,Hippocampus,148,AST1,2
148B8_S346,Hippocampus,148,AST1,2
148C10_S363,Hippocampus,148,AST4,4
148C11_S371,Hippocampus,148,AST2,2
148C12_S379,Hippocampus,148,AST1,2
148C3_S307,Hippocampus,148,AST1,2
148C4_S315,Hippocampus,148,AST4,4
148C5_S323,Hippocampus,148,AST1,2
148C7_S339,Hippocampus,148,AST1,2
148D10_S364,Hippocampus,148,AST1,0
148D11_S372,Hippocampus,148,AST3,2
148D12_S380,Hippocampus,148,AST1,0
148D1_S292,Hippocampus,148,AST1,2
148D3_S308,Hippocampus,148,AST1,3
148D6_S332,Hippocampus,148,AST1,2
148D7_S340,Hippocampus,148,AST3,2
148D8_S348,Hippocampus,148,AST1,0
148E10_S365,Hippocampus,148,AST2,2
148E11_S373,Hippocampus,148,AST4,4
148E1_S293,Hippocampus,148,AST1,2
148E2_S301,Hippocampus,148,AST4,4
148E5_S325,Hippocampus,148,AST1,0
148E6_S333,Hippocampus,148,AST3,1
148E7_S341,Hippocampus,148,AST1,0
148E9_S357,Hippocampus,148,AST1,2
148F3_S310,Hippocampus,148,AST3,2
148F5_S326,Hippocampus,148,AST1,2
148F6_S334,Hippocampus,148,AST1,0
148F7_S342,Hippocampus,148,AST1,2
148G10_S367,Hippocampus,148,AST2,2
148G2_S303,Hippocampus,148,AST1,0
148G3_S311,Hippocampus,148,AST1,0
148G4_S319,Hippocampus,148,AST1,2
148G6_S335,Hippocampus,148,AST3,2
148G8_S351,Hippocampus,148,AST3,2
148G9_S359,Hippocampus,148,AST1,2
148H10_S368,Hippocampus,148,AST3,2
148H11_S376,Hippocampus,148,AST1,2
148H2_S304,Hippocampus,148,AST4,4
148H4_S320,Hippocampus,148,AST1,2
148H9_S360,Hippocampus,148,AST1,2
155A11_S81,Cortex,155,AST2,1
155A12_S89,Cortex,155,AST3,1
155A3_S17,Cortex,155,AST1,2
155A4_S25,Cortex,155,AST3,1
155A5_S33,Cortex,155,AST3,0
155A6_S41,Cortex,155,AST2,1
155A7_S49,Cortex,155,AST2,1
155A8_S57,Cortex,155,AST2,1
155A9_S65,Cortex,155,AST2,1
155B10_S74,Cortex,155,AST1,2
155B11_S82,Cortex,155,AST2,1
155B12_S90,Cortex,155,AST2,1
155B1_S2,Cortex,155,AST3,1
155B2_S10,Cortex,155,AST2,1
155B3_S18,Cortex,155,AST2,1
155B4_S26,Cortex,155,AST1,0
155B5_S34,Cortex,155,AST3,1
155B6_S42,Cortex,155,AST2,1
155B7_S50,Cortex,155,AST2,1
155B9_S66,Cortex,155,AST2,1
155C12_S91,Cortex,155,AST2,1
155C1_S3,Cortex,155,AST2,2
155C2_S11,Cortex,155,AST2,2
155C3_S19,Cortex,155,AST3,1
155C4_S27,Cortex,155,AST2,0
155C6_S43,Cortex,155,AST2,1
155C7_S51,Cortex,155,AST2,1
155C9_S67,Cortex,155,AST2,2
155D10_S76,Cortex,155,AST2,2
155D11_S84,Cortex,155,AST1,2
155D12_S92,Cortex,155,AST3,0
155D2_S12,Cortex,155,AST3,1
155D3_S20,Cortex,155,AST2,1
155D4_S28,Cortex,155,AST3,1
155D5_S36,Cortex,155,AST2,1
155D7_S52,Cortex,155,AST2,1
155D8_S60,Cortex,155,AST3,1
155D9_S68,Cortex,155,AST2,1
155E10_S77,Cortex,155,AST2,1
155E2_S13,Cortex,155,AST2,2
155E4_S29,Cortex,155,AST2,1
155E5_S37,Cortex,155,AST2,1
155E7_S53,Cortex,155,AST2,1
155E8_S61,Cortex,155,AST2,1
155E9_S69,Cortex,155,AST3,2
155F11_S86,Cortex,155,AST1,2
155F1_S6,Cortex,155,AST3,1
155F2_S14,Cortex,155,AST2,1
155F3_S22,Cortex,155,AST3,1
155F4_S30,Cortex,155,AST2,1
155F5_S38,Cortex,155,(none),1
155F6_S46,Cortex,155,AST3,1
155F7_S54,Cortex,155,AST2,1
155F8_S62,Cortex,155,AST2,1
155F9_S70,Cortex,155,AST3,1
155G10_S79,Cortex,155,AST3,1
155G1_S7,Cortex,155,AST2,1
155G2_S15,Cortex,155,AST3,1
155G3_S23,Cortex,155,AST3,1
155G4_S31,Cortex,155,AST3,2
155G5_S39,Cortex,155,AST3,1
155G7_S55,Cortex,155,AST1,0
155G8_S63,Cortex,155,AST2,2
155G9_S71,Cortex,155,AST1,1
155H10_S80,Cortex,155,AST3,1
155H11_S88,Cortex,155,AST2,1
155H2_S16,Cortex,155,AST3,1
155H3_S24,Cortex,155,AST3,1
155H4_S32,Cortex,155,AST2,2
155H5_S40,Cortex,155,AST3,1
155H6_S48,Cortex,155,AST2,1
155H7_S56,Cortex,155,AST2,1
155H9_S72,Cortex,155,AST2,2
158A10_S361,Hippocampus,158,AST3,2
158A11_S369,Hippocampus,158,AST1,0
158A1_S289,Hippocampus,158,AST3,2
158A3_S305,Hippocampus,158,AST1,0
158A4_S313,Hippocampus,158,AST1,0
158A5_S321,Hippocampus,158,AST1,0
158A6_S329,Hippocampus,158,AST1,0
158A7_S337,Hippocampus,158,AST1,2
158A9_S353,Hippocampus,158,AST4,4
158B1_S290,Hippocampus,158,AST1,2
158B2_S298,Hippocampus,158,AST1,2
158B5_S322,Hippocampus,158,AST3,2
158B6_S330,Hippocampus,158,AST2,2
158B8_S346,Hippocampus,158,AST1,2
158C12_S379,Hippocampus,158,AST1,2
158C3_S307,Hippocampus,158,AST1,2
158C4_S315,Hippocampus,158,AST3,2
158C6_S331,Hippocampus,158,AST2,1
158C8_S347,Hippocampus,158,AST1,0
158C9_S355,Hippocampus,158,AST3,2
158D11_S372,Hippocampus,158,AST1,2
158D2_S300,Hippocampus,158,AST1,0
158D3_S308,Hippocampus,158,AST3,2
158D4_S316,Hippocampus,158,AST1,2
158D7_S340,Hippocampus,158,(none),3
158E12_S381,Hippocampus,158,AST1,0
158E3_S309,Hippocampus,158,AST1,2
158E4_S317,Hippocampus,158,AST1,2
158E6_S333,Hippocampus,158,AST1,2
158E7_S341,Hippocampus,158,AST1,0
158E9_S357,Hippocampus,158,AST3,2
158F10_S366,Hippocampus,158,AST1,2
158F11_S374,Hippocampus,158,AST1,2
158F1_S294,Hippocampus,158,AST3,2
158F3_S310,Hippocampus,158,AST1,2
158F6_S334,Hippocampus,158,AST1,1
158F7_S342,Hippocampus,158,AST3,0
158F9_S358,Hippocampus,158,AST1,1
158G11_S375,Hippocampus,158,AST1,2
158G3_S311,Hippocampus,158,AST3,1
158G5_S327,Hippocampus,158,AST1,0
158G6_S335,Hippocampus,158,AST1,2
158G7_S343,Hippocampus,158,AST1,2
158G9_S359,Hippocampus,158,AST1,2
158H10_S368,Hippocampus,158,AST1,2
158H11_S376,Hippocampus,158,AST4,4
158H3_S312,Hippocampus,158,AST4,0
158H4_S320,Hippocampus,158,AST1,2
158H5_S328,Hippocampus,158,AST1,0
158H6_S336,Hippocampus,158,AST2,2
158H8_S352,Hippocampus,158,AST1,2
15A11_S369,Cortex,15,AST1,2
15A12_S377,Cortex,15,AST3,1
15A1_S289,Cortex,15,AST1,0
15A3_S305,Cortex,15,AST2,1
15A5_S321,Cortex,15,AST3,2
15A6_S329,Cortex,15,AST1,2
15A7_S337,Cortex,15,AST1,2
15A9_S353,Cortex,15,AST1,1
15B10_S362,Cortex,15,AST2,1
15B3_S306,Cortex,15,AST2,1
15B4_S314,Cortex,15,AST1,0
15B8_S346,Cortex,15,AST2,1
15B9_S354,Cortex,15,AST3,2
15C10_S363,Cortex,15,AST2,1
15C12_S379,Cortex,15,AST2,1
15C3_S307,Cortex,15,AST2,1
15C4_S315,Cortex,15,AST2,1
15C6_S331,Cortex,15,AST2,1
15C7_S339,Cortex,15,AST2,1
15C8_S347,Cortex,15,AST1,2
15C9_S355,Cortex,15,AST2,1
15D10_S364,Cortex,15,AST2,1
15D12_S380,Cortex,15,AST3,1
15D2_S300,Cortex,15,AST3,1
15D3_S308,Cortex,15,AST2,0
15D4_S316,Cortex,15,AST2,1
15D5_S324,Cortex,15,AST2,1
15D6_S332,Cortex,15,AST3,2
15D7_S340,Cortex,15,AST1,1
15D9_S356,Cortex,15,AST3,1
15E10_S365,Cortex,15,AST3,1
15E11_S373,Cortex,15,AST2,2
15E12_S381,Cortex,15,AST1,2
15E2_S301,Cortex,15,AST2,1
15E3_S309,Cortex,15,AST3,1
15E4_S317,Cortex,15,AST2,1
15E5_S325,Cortex,15,AST1,2
15E8_S349,Cortex,15,AST2,1
15E9_S357,Cortex,15,AST2,1
15F11_S374,Cortex,15,AST2,1
15F3_S310,Cortex,15,AST1,1
15F6_S334,Cortex,15,AST2,0
15F7_S342,Cortex,15,AST3,1
15F8_S350,Cortex,15,AST2,1
15F9_S358,Cortex,15,AST2,1
15G10_S367,Cortex,15,AST2,2
15G11_S375,Cortex,15,AST2,1
15G3_S311,Cortex,15,AST2,1
15G4_S319,Cortex,15,AST1,2
15G5_S327,Cortex,15,AST2,1
15G7_S343,Cortex,15,AST2,1
15G8_S351,Cortex,15,AST2,2
15G9_S359,Cortex,15,AST1,2
15H10_S368,Cortex,15,AST2,1
15H4_S320,Cortex,15,AST2,1
15H5_S328,Cortex,15,AST5,3
15H6_S336,Cortex,15,AST2,1
15H7_S344,Cortex,15,AST2,0
15H8_S352,Cortex,15,AST3,1
15H9_S360,Cortex,15,AST2,2
165A3_S305,Cortex,165,AST2,2
165A4_S313,Cortex,165,AST3,1
165A5_S321,Cortex,165,AST2,2
165A6_S329,Cortex,165,AST3,1
165A7_S337,Cortex,165,AST2,2
165A8_S345,Cortex,165,AST3,1
165A9_S353,Cortex,165,AST2,2
165B10_S362,Cortex,165,AST2,2
165B4_S314,Cortex,165,AST2,1
165B5_S322,Cortex,165,AST2,1
165B6_S330,Cortex,165,AST3,0
165B7_S338,Cortex,165,AST3,1
165B8_S346,Cortex,165,AST2,2
165B9_S354,Cortex,165,AST2,1
165C2_S299,Cortex,165,AST2,1
165C3_S307,Cortex,165,AST3,1
165C5_S323,Cortex,165,AST2,2
165C7_S339,Cortex,165,AST2,2
165C9_S355,Cortex,165,AST3,1
165D1_S292,Cortex,165,AST3,1
165D2_S300,Cortex,165,AST2,1
165D4_S316,Cortex,165,AST3,1
165D5_S324,Cortex,165,AST2,1
165D6_S332,Cortex,165,AST2,1
165D7_S340,Cortex,165,AST2,1
165D8_S348,Cortex,165,AST3,1
165E1_S293,Cortex,165,AST1,0
165E2_S301,Cortex,165,AST2,1
165E4_S317,Cortex,165,AST1,2
165E5_S325,Cortex,165,AST1,1
165E6_S333,Cortex,165,AST2,1
165E7_S341,Cortex,165,AST1,0
165E8_S349,Cortex,165,AST2,1
165E9_S357,Cortex,165,AST2,0
165F1_S294,Cortex,165,AST3,0
165F2_S302,Cortex,165,AST1,2
165F3_S310,Cortex,165,AST2,2
165F4_S318,Cortex,165,AST2,2
165F5_S326,Cortex,165,AST3,2
165F7_S342,Cortex,165,AST3,0
165F8_S350,Cortex,165,AST3,1
165G1_S295,Cortex,165,AST2,1
165G3_S311,Cortex,165,AST2,1
165G5_S327,Cortex,165,AST2,0
165G6_S335,Cortex,165,AST3,1
165G7_S343,Cortex,165,AST2,1
165G8_S351,Cortex,165,AST2,1
165G9_S359,Cortex,165,AST3,0
165H5_S328,Cortex,165,AST3,2
165H7_S344,Cortex,165,AST3,2
165H8_S352,Cortex,165,AST3,1
165H9_S360,Cortex,165,AST2,1
168A10_S73,Hippocampus,168,AST1,0
168A12_S89,Hippocampus,168,AST1,1
168A2_S9,Hippocampus,168,AST1,2
168A5_S33,Hippocampus,168,AST4,4
168A7_S49,Hippocampus,168,AST1,2
168A8_S57,Hippocampus,168,AST3,2
168B10_S74,Hippocampus,168,AST3,1
168B1_S2,Hippocampus,168,AST1,2
168B2_S10,Hippocampus,168,AST1,0
168B4_S26,Hippocampus,168,AST1,2
168B5_S34,Hippocampus,168,AST3,1
168B7_S50,Hippocampus,168,AST3,1
168B8_S58,Hippocampus,168,AST1,2
168B9_S66,Hippocampus,168,AST1,0
168C10_S75,Hippocampus,168,AST3,2
168C11_S83,Hippocampus,168,AST1,2
168C12_S91,Hippocampus,168,AST3,2
168C1_S3,Hippocampus,168,AST1,2
168C5_S35,Hippocampus,168,AST1,2
168C7_S51,Hippocampus,168,AST1,0
168C8_S59,Hippocampus,168,AST1,2
168C9_S67,Hippocampus,168,AST3,2
168D10_S76,Hippocampus,168,AST3,2
168D2_S12,Hippocampus,168,AST1,0
168D3_S20,Hippocampus,168,AST3,1
168D4_S28,Hippocampus,168,AST2,2
168D5_S36,Hippocampus,168,AST3,2
168D7_S52,Hippocampus,168,AST3,2
168D8_S60,Hippocampus,168,AST4,4
168D9_S68,Hippocampus,168,AST1,0
168E10_S77,Hippocampus,168,AST1,0
168E11_S85,Hippocampus,168,AST3,2
168E1_S5,Hippocampus,168,AST4,4
168E6_S45,Hippocampus,168,AST1,2
168E7_S53,Hippocampus,168,AST1,0
168E8_S61,Hippocampus,168,AST4,4
168F11_S86,Hippocampus,168,AST3,2
168F3_S22,Hippocampus,168,AST1,0
168F5_S38,Hippocampus,168,AST1,0
168F6_S46,Hippocampus,168,AST3,2
168G10_S79,Hippocampus,168,AST1,2
168G11_S87,Hippocampus,168,AST3,2
168G2_S15,Hippocampus,168,AST2,1
168G4_S31,Hippocampus,168,AST3,1
168G5_S39,Hippocampus,168,AST1,2
168G6_S47,Hippocampus,168,AST1,0
168G8_S63,Hippocampus,168,AST1,2
168H10_S80,Hippocampus,168,AST3,2
168H11_S88,Hippocampus,168,AST4,4
168H3_S24,Hippocampus,168,AST1,0
168H5_S40,Hippocampus,168,AST1,0
168H7_S56,Hippocampus,168,AST1,0
168H9_S72,Hippocampus,168,AST1,2
175A10_S361,Cortex,175,AST2,2
175A3_S305,Cortex,175,AST2,1
175A4_S313,Cortex,175,AST1,2
175A5_S321,Cortex,175,AST2,1
175A6_S329,Cortex,175,AST3,1
175A9_S353,Cortex,175,AST2,1
175B10_S362,Cortex,175,AST2,1
175B11_S370,Cortex,175,AST2,1
175B2_S298,Cortex,175,AST2,1
175B4_S314,Cortex,175,AST2,1
175B6_S330,Cortex,175,AST2,1
175B7_S338,Cortex,175,AST2,1
175B8_S346,Cortex,175,AST2,1
175B9_S354,Cortex,175,AST3,1
175C10_S363,Cortex,175,AST1,2
175C11_S371,Cortex,175,AST2,2
175C12_S379,Cortex,175,AST5,3
175C2_S299,Cortex,175,AST2,1
175C4_S315,Cortex,175,AST2,1
175C5_S323,Cortex,175,AST2,1
175C6_S331,Cortex,175,AST2,2
175C8_S347,Cortex,175,AST5,3
175C9_S355,Cortex,175,AST2,1
175D10_S364,Cortex,175,AST3,2
175D1_S292,Cortex,175,AST1,0
175D2_S300,Cortex,175,AST2,1
175D3_S308,Cortex,175,AST2,1
175D6_S332,Cortex,175,AST2,1
175D7_S340,Cortex,175,AST1,1
175D8_S348,Cortex,175,AST2,1
175E10_S365,Cortex,175,AST1,2
175E12_S381,Cortex,175,AST2,1
175E1_S293,Cortex,175,AST3,1
175E2_S301,Cortex,175,AST2,1
175E3_S309,Cortex,175,AST3,0
175E4_S317,Cortex,175,AST3,1
175E5_S325,Cortex,175,AST3,1
175E6_S333,Cortex,175,AST2,1
175E7_S341,Cortex,175,AST2,2
175E8_S349,Cortex,175,AST1,2
175E9_S357,Cortex,175,AST2,1
175F10_S366,Cortex,175,AST2,1
175F11_S374,Cortex,175,AST2,1
175F1_S294,Cortex,175,AST2,2
175F2_S302,Cortex,175,AST3,1
175F3_S310,Cortex,175,AST2,1
175F5_S326,Cortex,175,AST2,1
175F7_S342,Cortex,175,AST2,1
175F8_S350,Cortex,175,AST2,1
175G10_S367,Cortex,175,AST2,1
175G11_S375,Cortex,175,AST3,1
175G1_S295,Cortex,175,AST3,1
175G2_S303,Cortex,175,AST2,2
175G3_S311,Cortex,175,AST2,1
175G4_S319,Cortex,175,AST3,0
175G5_S327,Cortex,175,AST2,1
175G6_S335,Cortex,175,AST2,1
175H10_S368,Cortex,175,AST2,1
175H11_S376,Cortex,175,AST2,1
175H3_S312,Cortex,175,AST2,1
175H4_S320,Cortex,175,AST3,1
175H5_S328,Cortex,175,AST2,1
175H6_S336,Cortex,175,AST2,1
175H8_S352,Cortex,175,AST1,0
175H9_S360,Cortex,175,AST2,1
178A11_S273,Hippocampus,178,AST1,2
178A4_S217,Hippocampus,178,AST2,2
178A5_S225,Hippocampus,178,AST1,0
178A7_S241,Hippocampus,178,AST2,2
178B10_S266,Hippocampus,178,AST1,2
178B11_S274,Hippocampus,178,AST1,2
178B12_S282,Hippocampus,178,AST4,4
178B3_S210,Hippocampus,178,AST1,2
178B5_S226,Hippocampus,178,AST3,2
178B8_S250,Hippocampus,178,AST1,0
178C10_S267,Hippocampus,178,AST1,0
178C11_S275,Hippocampus,178,AST1,2
178C2_S203,Hippocampus,178,AST1,2
178C3_S211,Hippocampus,178,AST3,2
178C4_S219,Hippocampus,178,AST3,2
178C5_S227,Hippocampus,178,AST1,0
178C6_S235,Hippocampus,178,AST4,4
178D10_S268,Hippocampus,178,AST1,4
178D11_S276,Hippocampus,178,AST2,2
178D1_S196,Hippocampus,178,AST1,2
178D5_S228,Hippocampus,178,AST3,2
178D6_S236,Hippocampus,178,AST1,2
178D9_S260,Hippocampus,178,AST1,1
178E10_S269,Hippocampus,178,AST1,2
178E12_S285,Hippocampus,178,AST1,0
178E1_S197,Hippocampus,178,AST3,2
178E6_S237,Hippocampus,178,AST1,0
178E7_S245,Hippocampus,178,AST3,2
178E9_S261,Hippocampus,178,AST1,2
178F10_S270,Hippocampus,178,AST1,2
178F11_S278,Hippocampus,178,AST1,2
178F2_S206,Hippocampus,178,AST1,2
178F4_S222,Hippocampus,178,AST1,0
178F7_S246,Hippocampus,178,AST1,0
178F8_S254,Hippocampus,178,AST3,2
178F9_S262,Hippocampus,178,AST1,2
178G10_S271,Hippocampus,178,AST4,4
178G11_S279,Hippocampus,178,AST1,2
178G2_S207,Hippocampus,178,AST1,2
178G3_S215,Hippocampus,178,AST1,0
178G4_S223,Hippocampus,178,AST1,2
178G5_S231,Hippocampus,178,AST3,2
178G6_S239,Hippocampus,178,AST2,2
178G7_S247,Hippocampus,178,AST1,2
178G8_S255,Hippocampus,178,AST1,2
178H11_S280,Hippocampus,178,AST3,2
178H4_S224,Hippocampus,178,AST4,4
178H5_S232,Hippocampus,178,AST4,4
178H6_S240,Hippocampus,178,AST4,4
178H9_S264,Hippocampus,178,AST1,0
185A10_S265,Cortex,185,AST2,2
185A12_S281,Cortex,185,AST3,1
185A1_S193,Cortex,185,AST2,1
185A2_S201,Cortex,185,AST3,1
185A3_S209,Cortex,185,AST3,1
185A7_S241,Cortex,185,AST3,0
185A8_S249,Cortex,185,AST3,1
185A9_S257,Cortex,185,AST2,1
185B11_S274,Cortex,185,AST2,1
185B12_S282,Cortex,185,AST2,1
185B1_S194,Cortex,185,AST2,1
185B2_S202,Cortex,185,AST3,1
185B3_S210,Cortex,185,AST2,1
185B4_S218,Cortex,185,AST2,1
185B6_S234,Cortex,185,AST2,2
185B7_S242,Cortex,185,AST1,0
185B8_S250,Cortex,185,AST3,1
185B9_S258,Cortex,185,AST5,3
185C10_S267,Cortex,185,AST2,1
185C11_S275,Cortex,185,AST3,1
185C12_S283,Cortex,185,AST3,2
185C2_S203,Cortex,185,AST3,0
185C5_S227,Cortex,185,AST2,1
185C6_S235,Cortex,185,AST2,1
185C7_S243,Cortex,185,AST1,2
185C8_S251,Cortex,185,AST1,2
185C9_S259,Cortex,185,AST3,1
185D11_S276,Cortex,185,AST3,1
185D1_S196,Cortex,185,AST2,2
185D2_S204,Cortex,185,AST2,1
185D3_S212,Cortex,185,AST2,1
185D4_S220,Cortex,185,AST3,1
185D5_S228,Cortex,185,AST2,1
185D6_S236,Cortex,185,AST2,1
185D7_S244,Cortex,185,AST2,1
185D8_S252,Cortex,185,AST2,1
185D9_S260,Cortex,185,AST2,1
185E10_S269,Cortex,185,AST2,1
185E11_S277,Cortex,185,AST3,1
185E1_S197,Cortex,185,AST3,1
185E2_S205,Cortex,185,AST5,3
185E3_S213,Cortex,185,AST2,1
185E4_S221,Cortex,185,AST1,0
185E5_S229,Cortex,185,AST2,1
185E6_S237,Cortex,185,AST3,1
185E7_S245,Cortex,185,AST3,1
185E8_S253,Cortex,185,AST2,2
185E9_S261,Cortex,185,AST1,0
185F2_S206,Cortex,185,AST3,1
185F3_S214,Cortex,185,AST2,1
185F4_S222,Cortex,185,AST2,2
185F5_S230,Cortex,185,AST2,2
185F6_S238,Cortex,185,AST2,1
185F8_S254,Cortex,185,AST1,2
185G10_S271,Cortex,185,AST1,2
185G3_S215,Cortex,185,AST2,1
185G5_S231,Cortex,185,AST3,0
185G6_S239,Cortex,185,AST2,1
185G7_S247,Cortex,185,AST2,1
185G9_S263,Cortex,185,AST3,1
185H10_S272,Cortex,185,AST2,1
185H1_S200,Cortex,185,AST3,1
185H2_S208,Cortex,185,AST1,2
185H3_S216,Cortex,185,AST2,0
185H4_S224,Cortex,185,AST3,1
185H6_S240,Cortex,185,AST2,2
185H8_S256,Cortex,185,AST2,1
185H9_S264,Cortex,185,AST2,1
188A11_S369,Hippocampus,188,AST3,2
188A4_S313,Hippocampus,188,AST1,0
188A5_S321,Hippocampus,188,AST1,0
188A7_S337,Hippocampus,188,AST4,4
188A8_S345,Hippocampus,188,AST1,2
188B12_S378,Hippocampus,188,AST3,2
188B2_S298,Hippocampus,188,AST2,2
188B3_S306,Hippocampus,188,AST4,4
188B4_S314,Hippocampus,188,AST1,2
188B5_S322,Hippocampus,188,AST1,2
188B6_S330,Hippocampus,188,AST1,2
188B8_S346,Hippocampus,188,AST1,0
188B9_S354,Hippocampus,188,AST3,0
188C11_S371,Hippocampus,188,AST1,0
188C12_S379,Hippocampus,188,AST1,2
188C1_S291,Hippocampus,188,AST3,1
188C2_S299,Hippocampus,188,AST1,2
188C4_S315,Hippocampus,188,AST1,0
188C8_S347,Hippocampus,188,AST1,0
188C9_S355,Hippocampus,188,AST1,2
188D10_S364,Hippocampus,188,AST1,0
188D11_S372,Hippocampus,188,AST1,2
188D12_S380,Hippocampus,188,AST1,2
188D1_S292,Hippocampus,188,AST3,1
188D2_S300,Hippocampus,188,AST1,2
188D4_S316,Hippocampus,188,AST3,2
188D5_S324,Hippocampus,188,AST4,4
188D7_S340,Hippocampus,188,AST2,0
188D9_S356,Hippocampus,188,AST1,0
188E10_S365,Hippocampus,188,AST1,2
188E1_S293,Hippocampus,188,AST1,2
188E2_S301,Hippocampus,188,AST3,2
188E3_S309,Hippocampus,188,AST1,2
188E4_S317,Hippocampus,188,AST1,2
188E5_S325,Hippocampus,188,AST3,2
188E6_S333,Hippocampus,188,AST1,2
188E9_S357,Hippocampus,188,AST1,2
188F10_S366,Hippocampus,188,AST2,2
188F11_S374,Hippocampus,188,AST2,2
188F1_S294,Hippocampus,188,AST1,2
188F4_S318,Hippocampus,188,AST5,3
188F6_S334,Hippocampus,188,AST1,2
188F7_S342,Hippocampus,188,AST4,4
188F9_S358,Hippocampus,188,AST4,1
188G11_S375,Hippocampus,188,AST1,0
188G1_S295,Hippocampus,188,AST1,0
188G3_S311,Hippocampus,188,AST1,2
188G4_S319,Hippocampus,188,AST4,4
188G7_S343,Hippocampus,188,(none),2
188G8_S351,Hippocampus,188,AST1,0
188G9_S359,Hippocampus,188,AST1,0
188H11_S376,Hippocampus,188,AST1,2
188H1_S296,Hippocampus,188,AST4,4
188H2_S304,Hippocampus,188,AST1,2
188H3_S312,Hippocampus,188,AST4,4
188H4_S320,Hippocampus,188,AST4,4
188H6_S336,Hippocampus,188,AST1,2
188H7_S344,Hippocampus,188,AST4,4
188H8_S352,Hippocampus,188,AST4,4
188H9_S360,Hippocampus,188,AST1,2
18A6_S137,Hippocampus,18,AST3,2
18A7_S145,Hippocampus,18,AST1,0
18A8_S153,Hippocampus,18,AST1,2
18A9_S161,Hippocampus,18,AST1,0
18B11_S178,Hippocampus,18,AST3,2
18B12_S186,Hippocampus,18,AST3,2
18B1_S98,Hippocampus,18,AST4,4
18B2_S106,Hippocampus,18,AST1,2
18B4_S122,Hippocampus,18,AST1,2
18B6_S138,Hippocampus,18,AST2,1
18B7_S146,Hippocampus,18,AST1,2
18B8_S154,Hippocampus,18,AST4,4
18B9_S162,Hippocampus,18,AST3,2
18C10_S171,Hippocampus,18,AST1,1
18C12_S187,Hippocampus,18,AST1,2
18C1_S99,Hippocampus,18,AST1,0
18C2_S107,Hippocampus,18,AST3,2
18C4_S123,Hippocampus,18,AST1,0
18C6_S139,Hippocampus,18,AST1,2
18D2_S108,Hippocampus,18,AST3,2
18D3_S116,Hippocampus,18,AST1,2
18D4_S124,Hippocampus,18,AST3,2
18D5_S132,Hippocampus,18,AST1,2
18D7_S148,Hippocampus,18,AST3,2
18D8_S156,Hippocampus,18,AST1,2
18D9_S164,Hippocampus,18,AST1,2
18E10_S173,Hippocampus,18,AST3,2
18E11_S181,Hippocampus,18,AST1,2
18E12_S189,Hippocampus,18,AST3,2
18E3_S117,Hippocampus,18,AST2,2
18E4_S125,Hippocampus,18,AST1,0
18E5_S133,Hippocampus,18,AST1,0
18E8_S157,Hippocampus,18,AST4,4
18F10_S174,Hippocampus,18,AST4,4
18F2_S110,Hippocampus,18,AST1,0
18F5_S134,Hippocampus,18,AST1,2
18F6_S142,Hippocampus,18,AST5,0
18F7_S150,Hippocampus,18,AST3,2
18F8_S158,Hippocampus,18,AST1,2
18G10_S175,Hippocampus,18,AST1,2
18G11_S183,Hippocampus,18,AST4,4
18G1_S103,Hippocampus,18,AST4,4
18G3_S119,Hippocampus,18,AST1,2
18G5_S135,Hippocampus,18,AST1,0
18G6_S143,Hippocampus,18,AST1,0
18G7_S151,Hippocampus,18,AST1,2
18G9_S167,Hippocampus,18,AST4,4
18H10_S176,Hippocampus,18,AST1,0
18H2_S112,Hippocampus,18,AST1,1
18H4_S128,Hippocampus,18,AST2,2
18H8_S160,Hippocampus,18,AST1,2
18H9_S168,Hippocampus,18,AST1,2
25A11_S273,Cortex,25,AST3,1
25A1_S193,Cortex,25,AST2,1
25A2_S201,Cortex,25,AST3,1
25A3_S209,Cortex,25,AST2,1
25A4_S217,Cortex,25,AST3,1
25A5_S225,Cortex,25,AST1,0
25A6_S233,Cortex,25,AST3,1
25A7_S241,Cortex,25,AST2,1
25A8_S249,Cortex,25,AST3,1
25A9_S257,Cortex,25,AST3,1
25B10_S266,Cortex,25,AST2,1
25B11_S274,Cortex,25,AST3,0
25B1_S194,Cortex,25,AST3,1
25B2_S202,Cortex,25,AST1,1
25B3_S210,Cortex,25,AST2,1
25B5_S226,Cortex,25,AST2,1
25B6_S234,Cortex,25,AST2,1
25B8_S250,Cortex,25,AST2,2
25B9_S258,Cortex,25,AST3,1
25C10_S267,Cortex,25,AST3,0
25C12_S283,Cortex,25,AST2,1
25C1_S195,Cortex,25,AST3,2
25C3_S211,Cortex,25,AST2,2
25C5_S227,Cortex,25,AST2,2
25C6_S235,Cortex,25,AST2,2
25C7_S243,Cortex,25,AST3,1
25C8_S251,Cortex,25,AST3,2
25C9_S259,Cortex,25,AST2,1
25D10_S268,Cortex,25,AST2,1
25D11_S276,Cortex,25,AST3,1
25D12_S284,Cortex,25,AST1,0
25D1_S196,Cortex,25,AST2,1
25D2_S204,Cortex,25,AST2,2
25D4_S220,Cortex,25,AST3,2
25D5_S228,Cortex,25,AST3,0
25D6_S236,Cortex,25,AST2,1
25D7_S244,Cortex,25,AST1,0
25D8_S252,Cortex,25,AST2,2
25E10_S269,Cortex,25,AST3,1
25E12_S285,Cortex,25,AST3,1
25E1_S197,Cortex,25,AST2,1
25E2_S205,Cortex,25,AST1,1
25E3_S213,Cortex,25,AST1,2
25E5_S229,Cortex,25,AST2,1
25E6_S237,Cortex,25,AST1,2
25E7_S245,Cortex,25,AST3,1
25E8_S253,Cortex,25,AST2,1
25E9_S261,Cortex,25,AST2,1
25F10_S270,Cortex,25,AST1,1
25F11_S278,Cortex,25,AST2,1
25F1_S198,Cortex,25,AST3,1
25F2_S206,Cortex,25,AST1,0
25F3_S214,Cortex,25,AST1,0
25F4_S222,Cortex,25,AST2,1
25F5_S230,Cortex,25,AST3,1
25F8_S254,Cortex,25,AST5,3
25F9_S262,Cortex,25,AST2,1
25G10_S271,Cortex,25,AST2,1
25G11_S279,Cortex,25,AST5,3
25G1_S199,Cortex,25,AST5,3
25G2_S207,Cortex,25,AST2,1
25G3_S215,Cortex,25,AST3,1
25G4_S223,Cortex,25,AST3,1
25G5_S231,Cortex,25,AST2,1
25G6_S239,Cortex,25,AST2,2
25G7_S247,Cortex,25,AST2,1
25G8_S255,Cortex,25,AST3,1
25G9_S263,Cortex,25,AST2,2
25H10_S272,Cortex,25,AST3,1
25H1_S200,Cortex,25,AST3,1
25H2_S208,Cortex,25,AST2,1
25H3_S216,Cortex,25,AST3,1
25H4_S224,Cortex,25,AST2,1
25H5_S232,Cortex,25,AST3,1
25H6_S240,Cortex,25,AST3,1
25H7_S248,Cortex,25,AST2,1
25H8_S256,Cortex,25,AST2,2
25H9_S264,Cortex,25,AST3,1
28A12_S185,Hippocampus,28,AST1,2
28A1_S97,Hippocampus,28,AST1,2
28A3_S113,Hippocampus,28,AST3,2
28A4_S121,Hippocampus,28,AST1,0
28A5_S129,Hippocampus,28,AST4,4
28A7_S145,Hippocampus,28,AST3,2
28A8_S153,Hippocampus,28,AST4,4
28B10_S170,Hippocampus,28,AST1,0
28B11_S178,Hippocampus,28,AST1,2
28B1_S98,Hippocampus,28,AST1,2
28B2_S106,Hippocampus,28,AST1,1
28B3_S114,Hippocampus,28,AST1,0
28B4_S122,Hippocampus,28,AST1,0
28B5_S130,Hippocampus,28,AST1,0
28B7_S146,Hippocampus,28,AST1,2
28B8_S154,Hippocampus,28,AST1,0
28B9_S162,Hippocampus,28,AST1,0
28C10_S171,Hippocampus,28,AST1,2
28C11_S179,Hippocampus,28,AST1,2
28C1_S99,Hippocampus,28,AST3,2
28C3_S115,Hippocampus,28,AST1,0
28C5_S131,Hippocampus,28,AST1,2
28C7_S147,Hippocampus,28,AST1,2
28C8_S155,Hippocampus,28,AST1,2
28D12_S188,Hippocampus,28,AST1,0
28D1_S100,Hippocampus,28,AST2,2
28D6_S140,Hippocampus,28,AST5,3
28E11_S181,Hippocampus,28,AST1,2
28E1_S101,Hippocampus,28,AST1,2
28E2_S109,Hippocampus,28,AST1,2
28E3_S117,Hippocampus,28,AST1,2
28E6_S141,Hippocampus,28,AST1,2
28E7_S149,Hippocampus,28,AST1,2
28E8_S157,Hippocampus,28,AST1,2
28E9_S165,Hippocampus,28,AST1,2
28F10_S174,Hippocampus,28,AST1,0
28F1_S102,Hippocampus,28,AST1,2
28F2_S110,Hippocampus,28,AST1,1
28F4_S126,Hippocampus,28,AST1,2
28F6_S142,Hippocampus,28,AST1,0
28F7_S150,Hippocampus,28,AST3,2
28F9_S166,Hippocampus,28,AST2,1
28G10_S175,Hippocampus,28,AST4,4
28G11_S183,Hippocampus,28,AST3,2
28G6_S143,Hippocampus,28,AST1,1
28G7_S151,Hippocampus,28,AST1,2
28G8_S159,Hippocampus,28,AST1,2
28G9_S167,Hippocampus,28,AST1,2
28H11_S184,Hippocampus,28,AST1,0
28H5_S136,Hippocampus,28,AST4,4
28H6_S144,Hippocampus,28,AST3,2
28H7_S152,Hippocampus,28,AST5,3
28H8_S160,Hippocampus,28,AST1,0
28H9_S168,Hippocampus,28,AST1,0
38A11_S81,Hippocampus,38,AST1,2
38A12_S89,Hippocampus,38,AST1,2
38A1_S1,Hippocampus,38,AST1,0
38A4_S25,Hippocampus,38,AST1,2
38A5_S33,Hippocampus,38,AST1,2
38A6_S41,Hippocampus,38,AST1,0
38A8_S57,Hippocampus,38,AST1,2
38B11_S82,Hippocampus,38,AST1,1
38B12_S90,Hippocampus,38,AST4,4
38B3_S18,Hippocampus,38,AST3,2
38B6_S42,Hippocampus,38,AST3,1
38B8_S58,Hippocampus,38,AST3,1
38C10_S75,Hippocampus,38,AST3,1
38C11_S83,Hippocampus,38,AST1,2
38C12_S91,Hippocampus,38,AST1,2
38C1_S3,Hippocampus,38,AST1,2
38C2_S11,Hippocampus,38,AST3,2
38C4_S27,Hippocampus,38,AST1,0
38C7_S51,Hippocampus,38,AST1,0
38D11_S84,Hippocampus,38,AST3,2
38D1_S4,Hippocampus,38,AST3,0
38D2_S12,Hippocampus,38,AST1,0
38D4_S28,Hippocampus,38,AST1,0
38D5_S36,Hippocampus,38,AST4,4
38D6_S44,Hippocampus,38,AST1,0
38D8_S60,Hippocampus,38,AST1,0
38E10_S77,Hippocampus,38,AST1,2
38E11_S85,Hippocampus,38,AST1,0
38E1_S5,Hippocampus,38,AST3,2
38E3_S21,Hippocampus,38,AST3,2
38E4_S29,Hippocampus,38,AST3,1
38E7_S53,Hippocampus,38,AST1,0
38E8_S61,Hippocampus,38,AST1,0
38F11_S86,Hippocampus,38,AST1,2
38F4_S30,Hippocampus,38,AST1,0
38F5_S38,Hippocampus,38,AST1,2
38F9_S70,Hippocampus,38,AST1,2
38G10_S79,Hippocampus,38,AST1,2
38G11_S87,Hippocampus,38,AST1,2
38G2_S15,Hippocampus,38,AST1,0
38G3_S23,Hippocampus,38,AST1,1
38G5_S39,Hippocampus,38,AST1,4
38G7_S55,Hippocampus,38,AST1,0
38G8_S63,Hippocampus,38,AST1,0
38H10_S80,Hippocampus,38,AST3,2
38H3_S24,Hippocampus,38,AST1,0
38H4_S32,Hippocampus,38,AST1,0
38H5_S40,Hippocampus,38,AST3,2
38H6_S48,Hippocampus,38,AST1,2
38H8_S64,Hippocampus,38,AST1,2
38H9_S72,Hippocampus,38,AST1,0
48A10_S73,Hippocampus,48,AST3,2
48A11_S81,Hippocampus,48,AST1,2
48A12_S89,Hippocampus,48,AST1,0
48A1_S1,Hippocampus,48,AST1,0
48A3_S17,Hippocampus,48,AST1,2
48A4_S25,Hippocampus,48,AST1,0
48A5_S33,Hippocampus,48,AST1,2
48A6_S41,Hippocampus,48,AST1,2
48B10_S74,Hippocampus,48,AST1,0
48B11_S82,Hippocampus,48,AST3,2
48B12_S90,Hippocampus,48,AST1,0
48B2_S10,Hippocampus,48,AST3,2
48B3_S18,Hippocampus,48,AST1,0
48B6_S42,Hippocampus,48,AST1,0
48B8_S58,Hippocampus,48,AST1,2
48C10_S75,Hippocampus,48,AST1,2
48C12_S91,Hippocampus,48,AST1,2
48C1_S3,Hippocampus,48,AST1,2
48C2_S11,Hippocampus,48,AST3,2
48C4_S27,Hippocampus,48,AST1,2
48C5_S35,Hippocampus,48,AST1,0
48C7_S51,Hippocampus,48,AST1,2
48C8_S59,Hippocampus,48,AST3,2
48D12_S92,Hippocampus,48,AST3,2
48D1_S4,Hippocampus,48,AST1,2
48D2_S12,Hippocampus,48,AST1,2
48D3_S20,Hippocampus,48,AST1,2
48D5_S36,Hippocampus,48,AST1,0
48D6_S44,Hippocampus,48,AST1,0
48D8_S60,Hippocampus,48,AST1,2
48E10_S77,Hippocampus,48,AST1,2
48E11_S85,Hippocampus,48,AST3,2
48E12_S93,Hippocampus,48,AST1,2
48E3_S21,Hippocampus,48,AST4,4
48E4_S29,Hippocampus,48,AST1,0
48E5_S37,Hippocampus,48,AST1,0
48E6_S45,Hippocampus,48,AST1,0
48E8_S61,Hippocampus,48,AST4,4
48E9_S69,Hippocampus,48,AST1,2
48F10_S78,Hippocampus,48,AST1,2
48F11_S86,Hippocampus,48,AST1,2
48F1_S6,Hippocampus,48,AST4,4
48F2_S14,Hippocampus,48,AST1,0
48F3_S22,Hippocampus,48,AST3,1
48F4_S30,Hippocampus,48,AST1,2
48F5_S38,Hippocampus,48,AST1,2
48F6_S46,Hippocampus,48,AST4,4
48F7_S54,Hippocampus,48,AST1,2
48F9_S70,Hippocampus,48,AST1,2
48G10_S79,Hippocampus,48,AST3,0
48G11_S87,Hippocampus,48,AST1,0
48G1_S7,Hippocampus,48,AST3,0
48G3_S23,Hippocampus,48,AST1,2
48G6_S47,Hippocampus,48,AST3,2
48G8_S63,Hippocampus,48,AST1,0
48G9_S71,Hippocampus,48,AST1,2
48H10_S80,Hippocampus,48,AST3,2
48H11_S88,Hippocampus,48,AST1,2
48H1_S8,Hippocampus,48,AST1,2
48H4_S32,Hippocampus,48,AST1,2
48H6_S48,Hippocampus,48,AST1,2
48H7_S56,Hippocampus,48,AST4,4
48H8_S64,Hippocampus,48,AST1,0
48H9_S72,Hippocampus,48,AST3,1
55A10_S73,Cortex,55,AST1,0
55A12_S89,Cortex,55,AST1,0
55A4_S25,Cortex,55,AST2,1
55A5_S33,Cortex,55,AST3,1
55A6_S41,Cortex,55,AST3,1
55A7_S49,Cortex,55,AST3,1
55A8_S57,Cortex,55,AST3,0
55A9_S65,Cortex,55,AST3,1
55B10_S74,Cortex,55,AST2,1
55B12_S90,Cortex,55,AST3,2
55B6_S42,Cortex,55,AST3,2
55B7_S50,Cortex,55,AST2,2
55B9_S66,Cortex,55,AST2,1
55C10_S75,Cortex,55,AST2,1
55C4_S27,Cortex,55,AST1,2
55C6_S43,Cortex,55,AST1,2
55C7_S51,Cortex,55,AST2,1
55C8_S59,Cortex,55,AST2,1
55C9_S67,Cortex,55,AST3,1
55D11_S84,Cortex,55,AST2,1
55D12_S92,Cortex,55,AST2,1
55D4_S28,Cortex,55,AST3,1
55D7_S52,Cortex,55,AST1,2
55D8_S60,Cortex,55,AST3,1
55D9_S68,Cortex,55,AST2,1
55E12_S93,Cortex,55,AST3,1
55E3_S21,Cortex,55,AST1,2
55E6_S45,Cortex,55,AST3,1
55E7_S53,Cortex,55,AST2,2
55E9_S69,Cortex,55,AST3,1
55F10_S78,Cortex,55,AST1,0
55F11_S86,Cortex,55,AST2,2
55F1_S6,Cortex,55,AST3,0
55F3_S22,Cortex,55,AST2,1
55F4_S30,Cortex,55,AST3,1
55F8_S62,Cortex,55,AST3,2
55F9_S70,Cortex,55,AST3,1
55G11_S87,Cortex,55,AST1,0
55G3_S23,Cortex,55,AST3,1
55G6_S47,Cortex,55,AST2,1
55H11_S88,Cortex,55,AST3,1
55H3_S24,Cortex,55,AST2,1
55H4_S32,Cortex,55,AST2,1
55H7_S56,Cortex,55,AST1,0
58A3_S209,Hippocampus,58,AST4,4
58B9_S258,Hippocampus,58,AST4,4
58D8_S252,Hippocampus,58,AST1,0
58E10_S269,Hippocampus,58,AST1,4
58E11_S277,Hippocampus,58,AST4,3
58E9_S261,Hippocampus,58,AST2,0
58G10_S271,Hippocampus,58,AST3,2
58G11_S279,Hippocampus,58,AST1,2
58G7_S247,Hippocampus,58,AST1,0
58G8_S255,Hippocampus,58,AST1,2
58G9_S263,Hippocampus,58,AST1,0
58H7_S248,Hippocampus,58,AST4,4
58H8_S256,Hippocampus,58,AST1,0
65A10_S73,Cortex,65,AST1,1
65A11_S81,Cortex,65,AST2,1
65A12_S89,Cortex,65,AST2,0
65A1_S1,Cortex,65,AST2,2
65A3_S17,Cortex,65,AST2,1
65A4_S25,Cortex,65,AST3,1
65A5_S33,Cortex,65,AST3,1
65A6_S41,Cortex,65,AST2,1
65A7_S49,Cortex,65,AST2,1
65A9_S65,Cortex,65,AST3,1
65B10_S74,Cortex,65,AST2,2
65B11_S82,Cortex,65,AST2,1
65B3_S18,Cortex,65,AST3,1
65B4_S26,Cortex,65,AST3,1
65B5_S34,Cortex,65,AST2,0
65B7_S50,Cortex,65,AST2,1
65B8_S58,Cortex,65,AST2,1
65C10_S75,Cortex,65,AST3,1
65C11_S83,Cortex,65,AST1,0
65C1_S3,Cortex,65,AST2,1
65C2_S11,Cortex,65,AST2,1
65C3_S19,Cortex,65,AST2,1
65C4_S27,Cortex,65,AST2,1
65C5_S35,Cortex,65,AST3,1
65C8_S59,Cortex,65,AST2,2
65C9_S67,Cortex,65,AST2,1
65D10_S76,Cortex,65,(none),3
65D11_S84,Cortex,65,AST3,1
65D12_S92,Cortex,65,AST2,1
65D2_S12,Cortex,65,AST2,1
65D3_S20,Cortex,65,AST2,1
65D4_S28,Cortex,65,AST2,1
65D6_S44,Cortex,65,AST2,1
65D8_S60,Cortex,65,AST3,0
65D9_S68,Cortex,65,AST3,1
65E10_S77,Cortex,65,AST3,2
65E11_S85,Cortex,65,AST3,1
65E12_S93,Cortex,65,AST2,1
65E1_S5,Cortex,65,AST3,1
65E2_S13,Cortex,65,AST1,2
65E5_S37,Cortex,65,AST2,1
65E8_S61,Cortex,65,AST2,1
65E9_S69,Cortex,65,AST2,1
65F11_S86,Cortex,65,AST3,1
65F1_S6,Cortex,65,AST2,2
65F2_S14,Cortex,65,AST2,1
65F4_S30,Cortex,65,AST3,2
65F5_S38,Cortex,65,AST2,1
65F6_S46,Cortex,65,AST2,0
65F8_S62,Cortex,65,AST2,1
65F9_S70,Cortex,65,AST3,1
65G10_S79,Cortex,65,(none),3
65G2_S15,Cortex,65,AST2,1
65G3_S23,Cortex,65,AST3,1
65G4_S31,Cortex,65,AST3,0
65G7_S55,Cortex,65,AST3,0
65G8_S63,Cortex,65,AST2,1
65G9_S71,Cortex,65,AST3,1
65H10_S80,Cortex,65,AST2,1
65H7_S56,Cortex,65,AST2,1
65H8_S64,Cortex,65,AST2,2
68A10_S73,Hippocampus,68,AST4,4
68A11_S81,Hippocampus,68,AST1,0
68A12_S89,Hippocampus,68,AST1,2
68A1_S1,Hippocampus,68,AST1,2
68A2_S9,Hippocampus,68,AST1,0
68A3_S17,Hippocampus,68,AST4,4
68A6_S41,Hippocampus,68,AST1,2
68A7_S49,Hippocampus,68,AST1,0
68A9_S65,Hippocampus,68,AST4,4
68B11_S82,Hippocampus,68,AST5,3
68B2_S10,Hippocampus,68,AST3,2
68B3_S18,Hippocampus,68,AST1,0
68B4_S26,Hippocampus,68,AST1,2
68B6_S42,Hippocampus,68,AST1,0
68C10_S75,Hippocampus,68,AST1,0
68C12_S91,Hippocampus,68,AST1,2
68C2_S11,Hippocampus,68,AST1,0
68C3_S19,Hippocampus,68,AST1,2
68C4_S27,Hippocampus,68,AST4,4
68C5_S35,Hippocampus,68,AST1,2
68C7_S51,Hippocampus,68,AST1,2
68D12_S92,Hippocampus,68,AST1,0
68D1_S4,Hippocampus,68,AST1,2
68D2_S12,Hippocampus,68,AST3,0
68D6_S44,Hippocampus,68,AST1,2
68D7_S52,Hippocampus,68,AST1,0
68D8_S60,Hippocampus,68,AST4,4
68D9_S68,Hippocampus,68,AST1,2
68E10_S77,Hippocampus,68,AST3,0
68E1_S5,Hippocampus,68,AST4,4
68E2_S13,Hippocampus,68,AST4,4
68E5_S37,Hippocampus,68,AST1,0
68E7_S53,Hippocampus,68,AST1,2
68E9_S69,Hippocampus,68,AST4,4
68F10_S78,Hippocampus,68,AST1,0
68F11_S86,Hippocampus,68,AST1,0
68F1_S6,Hippocampus,68,AST1,0
68F5_S38,Hippocampus,68,AST4,4
68F6_S46,Hippocampus,68,AST1,2
68F7_S54,Hippocampus,68,AST1,0
68F8_S62,Hippocampus,68,AST1,2
68G10_S79,Hippocampus,68,AST1,2
68G2_S15,Hippocampus,68,AST1,2
68G4_S31,Hippocampus,68,AST3,2
68G5_S39,Hippocampus,68,AST1,1
68G6_S47,Hippocampus,68,AST1,2
68G8_S63,Hippocampus,68,AST3,2
68G9_S71,Hippocampus,68,AST1,1
68H10_S80,Hippocampus,68,AST1,0
68H11_S88,Hippocampus,68,AST1,2
68H1_S8,Hippocampus,68,AST1,2
68H2_S16,Hippocampus,68,AST1,0
68H3_S24,Hippocampus,68,AST1,2
68H4_S32,Hippocampus,68,AST4,4
68H6_S48,Hippocampus,68,AST1,1
68H8_S64,Hippocampus,68,AST1,2
68H9_S72,Hippocampus,68,AST1,2
75A10_S265,Cortex,75,(none),3
75A1_S193,Cortex,75,AST2,1
75A2_S201,Cortex,75,AST3,1
75A6_S233,Cortex,75,AST2,1
75A8_S249,Cortex,75,AST3,1
75A9_S257,Cortex,75,AST3,1
75B11_S274,Cortex,75,AST2,1
75B12_S282,Cortex,75,AST2,2
75B3_S210,Cortex,75,AST2,2
75B4_S218,Cortex,75,AST3,1
75B5_S226,Cortex,75,AST4,4
75B6_S234,Cortex,75,AST3,1
75B8_S250,Cortex,75,AST2,1
75B9_S258,Cortex,75,AST2,2
75C10_S267,Cortex,75,AST3,1
75C11_S275,Cortex,75,AST2,1
75C5_S227,Cortex,75,AST3,1
75C6_S235,Cortex,75,AST3,1
75C7_S243,Cortex,75,AST3,1
75D10_S268,Cortex,75,AST2,1
75D11_S276,Cortex,75,AST1,2
75D3_S212,Cortex,75,AST1,2
75D4_S220,Cortex,75,AST3,0
75D6_S236,Cortex,75,AST2,2
75D7_S244,Cortex,75,AST3,1
75D9_S260,Cortex,75,AST3,1
75E10_S269,Cortex,75,AST2,1
75E12_S285,Cortex,75,AST2,1
75E1_S197,Cortex,75,AST3,1
75E2_S205,Cortex,75,AST3,2
75E3_S213,Cortex,75,AST3,1
75E5_S229,Cortex,75,AST2,1
75E6_S237,Cortex,75,AST3,1
75E7_S245,Cortex,75,AST2,1
75E8_S253,Cortex,75,AST2,2
75E9_S261,Cortex,75,AST2,1
75F10_S270,Cortex,75,AST2,1
75F11_S278,Cortex,75,AST3,0
75F2_S206,Cortex,75,AST2,1
75F3_S214,Cortex,75,AST2,1
75F4_S222,Cortex,75,AST3,1
75F5_S230,Cortex,75,AST2,1
75F8_S254,Cortex,75,AST2,2
75F9_S262,Cortex,75,AST2,1
75G10_S271,Cortex,75,AST3,1
75G11_S279,Cortex,75,AST2,1
75G1_S199,Cortex,75,AST3,2
75G2_S207,Cortex,75,AST3,0
75G4_S223,Cortex,75,AST1,1
75G5_S231,Cortex,75,AST3,0
75G6_S239,Cortex,75,AST5,3
75G7_S247,Cortex,75,AST3,1
75G8_S255,Cortex,75,AST2,1
75G9_S263,Cortex,75,AST2,1
75H10_S272,Cortex,75,AST2,1
75H11_S280,Cortex,75,(none),3
75H1_S200,Cortex,75,AST3,1
75H5_S232,Cortex,75,AST2,1
75H6_S240,Cortex,75,AST2,1
75H7_S248,Cortex,75,AST2,2
75H8_S256,Cortex,75,AST2,1
75H9_S264,Cortex,75,AST3,1
78A10_S73,Hippocampus,78,AST4,4
78A11_S81,Hippocampus,78,AST1,2
78A2_S9,Hippocampus,78,AST1,0
78A3_S17,Hippocampus,78,AST1,2
78A5_S33,Hippocampus,78,AST3,2
78A6_S41,Hippocampus,78,AST1,2
78A8_S57,Hippocampus,78,AST1,0
78B10_S74,Hippocampus,78,AST1,2
78B11_S82,Hippocampus,78,AST4,4
78B1_S2,Hippocampus,78,AST1,0
78B3_S18,Hippocampus,78,AST1,0
78B4_S26,Hippocampus,78,AST1,0
78B5_S34,Hippocampus,78,AST1,2
78B6_S42,Hippocampus,78,AST1,0
78B7_S50,Hippocampus,78,AST3,2
78C10_S75,Hippocampus,78,AST4,4
78C12_S91,Hippocampus,78,AST1,0
78C2_S11,Hippocampus,78,AST4,4
78C4_S27,Hippocampus,78,AST3,2
78C5_S35,Hippocampus,78,AST1,2
78C6_S43,Hippocampus,78,AST1,0
78C7_S51,Hippocampus,78,AST1,2
78C8_S59,Hippocampus,78,AST5,3
78C9_S67,Hippocampus,78,AST4,4
78D10_S76,Hippocampus,78,AST3,1
78D1_S4,Hippocampus,78,AST3,2
78D2_S12,Hippocampus,78,AST4,4
78D4_S28,Hippocampus,78,AST2,1
78D5_S36,Hippocampus,78,AST5,3
78D7_S52,Hippocampus,78,AST1,2
78D8_S60,Hippocampus,78,(none),3
78D9_S68,Hippocampus,78,AST1,0
78E10_S77,Hippocampus,78,AST1,2
78E3_S21,Hippocampus,78,AST1,2
78E5_S37,Hippocampus,78,AST1,2
78E6_S45,Hippocampus,78,AST1,2
78E8_S61,Hippocampus,78,AST3,2
78E9_S69,Hippocampus,78,AST3,2
78F10_S78,Hippocampus,78,AST1,0
78F11_S86,Hippocampus,78,AST1,2
78F3_S22,Hippocampus,78,AST1,0
78F5_S38,Hippocampus,78,AST1,2
78F7_S54,Hippocampus,78,AST3,2
78F8_S62,Hippocampus,78,AST1,2
78G1_S7,Hippocampus,78,AST1,0
78G4_S31,Hippocampus,78,AST1,2
78G7_S55,Hippocampus,78,AST1,2
78H11_S88,Hippocampus,78,AST1,2
78H3_S24,Hippocampus,78,AST1,2
78H4_S32,Hippocampus,78,AST1,2
78H5_S40,Hippocampus,78,AST1,2
78H6_S48,Hippocampus,78,AST1,0
78H8_S64,Hippocampus,78,AST2,0
85A10_S169,Cortex,85,AST3,1
85A11_S177,Cortex,85,AST3,2
85A2_S105,Cortex,85,AST2,2
85A3_S113,Cortex,85,AST2,1
85A4_S121,Cortex,85,AST2,2
85A5_S129,Cortex,85,AST2,1
85A7_S145,Cortex,85,AST2,1
85A8_S153,Cortex,85,AST2,0
85B10_S170,Cortex,85,AST2,1
85B12_S186,Cortex,85,AST2,1
85B1_S98,Cortex,85,AST2,2
85B3_S114,Cortex,85,AST3,1
85B5_S130,Cortex,85,AST2,1
85B6_S138,Cortex,85,AST3,1
85B7_S146,Cortex,85,AST2,1
85B8_S154,Cortex,85,AST2,1
85B9_S162,Cortex,85,AST2,1
85C10_S171,Cortex,85,AST3,1
85C11_S179,Cortex,85,AST2,0
85C12_S187,Cortex,85,AST2,2
85C2_S107,Cortex,85,AST3,2
85C3_S115,Cortex,85,AST2,1
85C4_S123,Cortex,85,AST2,1
85C7_S147,Cortex,85,AST3,1
85C8_S155,Cortex,85,AST3,1
85D10_S172,Cortex,85,AST2,2
85D11_S180,Cortex,85,AST2,2
85D12_S188,Cortex,85,AST3,0
85D1_S100,Cortex,85,AST2,1
85D2_S108,Cortex,85,AST3,1
85D3_S116,Cortex,85,AST2,1
85D5_S132,Cortex,85,AST2,1
85D8_S156,Cortex,85,AST3,1
85D9_S164,Cortex,85,AST1,2
85E10_S173,Cortex,85,AST2,1
85E5_S133,Cortex,85,AST3,1
85E6_S141,Cortex,85,AST2,1
85E7_S149,Cortex,85,AST2,1
85E8_S157,Cortex,85,AST2,1
85E9_S165,Cortex,85,AST5,2
85F10_S174,Cortex,85,AST1,4
85F11_S182,Cortex,85,AST2,1
85F1_S102,Cortex,85,AST2,2
85F2_S110,Cortex,85,AST3,1
85F5_S134,Cortex,85,AST2,1
85F6_S142,Cortex,85,AST1,0
85F8_S158,Cortex,85,AST2,1
85F9_S166,Cortex,85,AST3,2
85G10_S175,Cortex,85,AST1,0
85G1_S103,Cortex,85,AST2,1
85G3_S119,Cortex,85,AST2,2
85G5_S135,Cortex,85,AST1,0
85G6_S143,Cortex,85,AST3,0
85G8_S159,Cortex,85,AST2,1
85G9_S167,Cortex,85,AST2,1
85H10_S176,Cortex,85,(none),3
85H1_S104,Cortex,85,AST2,2
85H3_S120,Cortex,85,AST2,1
85H4_S128,Cortex,85,AST1,0
85H5_S136,Cortex,85,AST2,1
85H7_S152,Cortex,85,AST2,1
85H9_S168,Cortex,85,AST1,0
88A10_S361,Hippocampus,88,AST2,2
88A11_S369,Hippocampus,88,AST1,0
88A1_S289,Hippocampus,88,AST1,0
88A4_S313,Hippocampus,88,AST3,2
88A7_S337,Hippocampus,88,AST1,2
88B11_S370,Hippocampus,88,AST1,0
88B1_S290,Hippocampus,88,AST1,2
88B5_S322,Hippocampus,88,AST1,2
88B9_S354,Hippocampus,88,AST3,2
88C10_S363,Hippocampus,88,AST1,2
88C12_S379,Hippocampus,88,AST1,2
88C5_S323,Hippocampus,88,AST1,2
88C6_S331,Hippocampus,88,AST1,0
88C7_S339,Hippocampus,88,AST1,0
88C9_S355,Hippocampus,88,AST3,2
88D2_S300,Hippocampus,88,AST1,2
88D4_S316,Hippocampus,88,AST3,2
88D5_S324,Hippocampus,88,AST1,2
88D6_S332,Hippocampus,88,AST1,2
88D7_S340,Hippocampus,88,AST1,2
88D8_S348,Hippocampus,88,AST1,2
88D9_S356,Hippocampus,88,AST1,0
88E10_S365,Hippocampus,88,AST1,2
88E11_S373,Hippocampus,88,AST1,2
88E12_S381,Hippocampus,88,AST1,2
88E2_S301,Hippocampus,88,AST1,2
88E7_S341,Hippocampus,88,AST3,1
88F10_S366,Hippocampus,88,AST3,2
88F11_S374,Hippocampus,88,AST1,0
88F1_S294,Hippocampus,88,(none),2
88F3_S310,Hippocampus,88,AST1,2
88F6_S334,Hippocampus,88,AST1,1
88F7_S342,Hippocampus,88,AST1,2
88F8_S350,Hippocampus,88,AST4,4
88G10_S367,Hippocampus,88,AST3,2
88G1_S295,Hippocampus,88,(none),0
88G2_S303,Hippocampus,88,AST4,4
88G3_S311,Hippocampus,88,AST4,4
88G5_S327,Hippocampus,88,AST3,2
88G6_S335,Hippocampus,88,AST1,2
88H11_S376,Hippocampus,88,AST1,2
88H2_S304,Hippocampus,88,AST1,2
88H3_S312,Hippocampus,88,AST1,2
88H6_S336,Hippocampus,88,AST1,2
88H8_S352,Hippocampus,88,AST3,2
88H9_S360,Hippocampus,88,AST1,2
95A11_S369,Cortex,95,AST3,1
95A1_S289,Cortex,95,AST1,0
95A2_S297,Cortex,95,AST2,1
95A3_S305,Cortex,95,AST2,1
95A4_S313,Cortex,95,AST2,1
95A5_S321,Cortex,95,AST3,2
95A9_S353,Cortex,95,AST2,1
95B11_S370,Cortex,95,AST3,1
95B12_S378,Cortex,95,AST1,1
95B1_S290,Cortex,95,AST2,1
95B2_S298,Cortex,95,AST3,0
95B3_S306,Cortex,95,AST2,1
95B4_S314,Cortex,95,AST3,1
95B5_S322,Cortex,95,AST3,1
95B6_S330,Cortex,95,AST2,1
95B7_S338,Cortex,95,AST3,1
95B8_S346,Cortex,95,AST3,1
95C10_S363,Cortex,95,AST2,1
95C1_S291,Cortex,95,AST3,1
95C2_S299,Cortex,95,AST2,1
95C3_S307,Cortex,95,AST2,1
95C4_S315,Cortex,95,AST1,0
95C5_S323,Cortex,95,AST3,1
95C6_S331,Cortex,95,AST2,2
95C7_S339,Cortex,95,AST2,0
95D11_S372,Cortex,95,AST3,2
95D1_S292,Cortex,95,AST2,2
95D2_S300,Cortex,95,AST3,2
95D3_S308,Cortex,95,AST2,1
95D4_S316,Cortex,95,AST2,1
95D6_S332,Cortex,95,AST3,0
95D7_S340,Cortex,95,AST3,1
95D9_S356,Cortex,95,AST4,4
95E11_S373,Cortex,95,AST1,2
95E12_S381,Cortex,95,AST1,1
95E1_S293,Cortex,95,AST2,1
95E2_S301,Cortex,95,AST1,0
95E3_S309,Cortex,95,AST3,1
95E5_S325,Cortex,95,AST2,1
95E6_S333,Cortex,95,AST1,2
95E8_S349,Cortex,95,AST2,1
95E9_S357,Cortex,95,AST2,2
95F10_S366,Cortex,95,AST2,2
95F11_S374,Cortex,95,AST2,1
95F2_S302,Cortex,95,AST3,1
95F3_S310,Cortex,95,AST3,1
95F4_S318,Cortex,95,AST2,2
95F5_S326,Cortex,95,AST3,2
95F7_S342,Cortex,95,AST2,0
95G10_S367,Cortex,95,AST2,1
95G11_S375,Cortex,95,AST3,2
95G1_S295,Cortex,95,AST2,1
95G4_S319,Cortex,95,AST3,1
95G5_S327,Cortex,95,AST2,1
95G6_S335,Cortex,95,AST2,1
95G7_S343,Cortex,95,AST2,1
95G8_S351,Cortex,95,AST2,1
95G9_S359,Cortex,95,AST3,1
95H11_S376,Cortex,95,AST2,1
95H3_S312,Cortex,95,AST2,2
95H4_S320,Cortex,95,AST2,1
95H6_S336,Cortex,95,AST2,1
95H9_S360,Cortex,95,AST3,1
