0 (Mural),1 (Astrocyte),2 (Astrocyte),3 (Astrocyte),4 (Astrocyte),5 (Endothelial),6 (Astrocyte),7 (Neuron),8 (Oligodendrocyte),9 (Microglia/macrophage)
Cald1,Kcnk1,Id3,Agt,Fos,Itm2a,Dbi,Slc17a6,Qdpr,Hexb
Vtn,Btbd17,Clu,Sparcl1,Jun,Cldn5,Cd9,Pcp4,Mal,Fcer1g
Igfbp7,Htra1,Apoe,Pla2g7,Dusp1,Ly6c1,Notch2,Reln,Aplp1,Ctsd
Myl9,Slco1c1,Gfap,Itih3,Cyr61,Slco1a4,Ass1,Snhg11,Kcna1,Ctss
Nbl1,S1pr1,Lcat,Cd81,Hes5,Pltp,Gm5424,Dync1i1,Gjc3,Pld4
Rgs5,F3,Hsd11b1,Nnat,Mfge8,Flt1,Rplp0,Ndnf,Tmem151a,Lgmn
Sept4,Atp1b1,Cst3,Gja1,Luzp2,Tsc22d1,Sparc,Map1b,Fth1,C1qa
Ndufa4l2,Chrdl1,Mt1,Sparc,Junb,Ly6e,Gfap,Atp1a3,Cryab,Cx3cr1
Serinc3,Slc7a10,Aqp4,Ednrb,Ppp1r3g,Eng,Maged1,Stmn1,Ermn,Siglech
Pdgfrb,Msmo1,Cpe,Serpine2,Gm20421,Bsg,Tuba1a,Prune2,Fa2h,Csf1r
